{
  "version": 3,
  "feature_dim": 16,
  "class_order": [
    "fold",
    "call",
    "raise"
  ],
  "coef": [
    [
      -6.914196046814363,
      2.5396042046701397,
      0.009337192658522694,
      7.191311139319907,
      -0.03138938486468035,
      0.07988205958795067,
      -0.022020349587598156,
      0.0009058187063786358,
      -0.08231312969724018,
      -0.0577924006218933,
      -0.025202627270487794,
      -0.0007709217495965802,
      -0.015070956385508535,
      0.0035013149263822636,
      0.018514972461907846,
      -0.006844736159705465
    ],
    [
      2.1509836505339917,
      -0.8919491890407026,
      0.12097749518597214,
      -3.829367816837669,
      0.01731488177537544,
      0.06549191819285953,
      0.0028627930895161447,
      0.0066859599753851945,
      0.03867957899955557,
      0.02779845741387288,
      0.0021466897889442726,
      0.0006277948079394222,
      0.006032138699183162,
      0.000838257889569506,
      -0.013902326017032502,
      0.006969996633350527
    ],
    [
      4.763212396280363,
      -1.647655015629431,
      -0.13031468784450237,
      -3.3619433224822477,
      0.014074503089302618,
      -0.145373977780798,
      0.01915755649808238,
      -0.00759177868176171,
      0.043633550697685985,
      0.029993943208020003,
      0.02305593748153738,
      0.0001431269416545611,
      0.00903881768632455,
      -0.004339572815951887,
      -0.0046126464448744305,
      -0.00012526047364494266
    ]
  ],
  "intercept": [
    -9.063625752921027,
    5.10388481265352,
    3.959740940267266
  ],
  "scaler_mean": [
    0.4699486109586758,
    0.1904715037252838,
    0.2800621318261538,
    0.616125,
    0.1776452827055745,
    0.5119300000001922,
    0.5881763566513791,
    0.7137936407556511,
    0.1150599611338204,
    0.1748269777240667,
    0.3837636966830045,
    0.43732035764200217,
    0.252,
    0.24988333333333335,
    0.247725,
    0.2503916666666667
  ],
  "scaler_scale": [
    0.19348534528754627,
    0.1516043946043052,
    0.25593032007185784,
    0.4863280624996327,
    0.1125653646681668,
    0.34442658883982613,
    0.23931864714681034,
    0.2359642190030078,
    0.09710497368739535,
    0.13317347968830062,
    0.2007117768956397,
    0.22964717286619057,
    0.4341612603634003,
    0.43294532340211495,
    0.4316912373157841,
    0.43323859469218134
  ]
}